username;firstname;lastname;email;role,list
jellermann;Julius;Ellermann;jellermann@example.org;ROLE_USER
ldyballa;Lukas;Dyballa;ldyballan@example.org;ROLE_USER
phippel;Pia;Hippel;phippel@example.org;ROLE_USER
admin;Demo;Admin;demo.admin@example.org;ROLE_ADMIN
mgaffke;Markus;G.;markus.gaffke124@capgeminitest.org;ROLE_ADMIN
markusc;Markus;C.;markus.c124@capgeminitest.org;ROLE_ADMIN
mborat;Marie-Sophie;B.;marie12412421@capgeminitest.org;ROLE_ADMIN
